{
  "mean": 1.881239652633667,
  "std": 0.3659798602922058
}