{
  "mean": 1.5535781383514404,
  "std": 0.36905131743980407
}